<?xml version="1.0" encoding="UTF-8" standalone="yes"?>
<app version="1">
<name>WODEflow</name>
<coder>r-win</coder>
<version>0.1</version>
<release_date>201004210000</release_date>
<short_description>WODE Cover Flow</short_description>
<long_description>This is beta software, use at your own risk!
WODEflow is a port of the popular Wiiflow originally created by Hibernatus and ported to work with the WODE hardware.
-This software is protected under GNU General Public License v3
-Requires a working installation of DVDX.
-Some GC games don't start (like Killer 7 and others)
-The loader may freeze when downloading covers
Thanks to:
Hibernatus,Narolez, hulkhodn for Wiiflow and all the Themer's for their hard work and support, lustar and WiiTDB for the amazing covers,#wode IRC channel on EFNet for the endless testing and of course TheArtificer
</long_description>
<no_ios_reload/>
</app>